{
    "clearStage": 1,
    "currentStage": 1,
    "playerPosition": {
        "x": 6.969995498657227,
        "y": 0.3911389708518982,
        "z": 0.033559948205947879
    }
}