{
    "clearStage": 1,
    "currentStage": 1,
    "playerPosition": {
        "x": -0.0300024151802063,
        "y": 1.1575194597244263,
        "z": 0.033559948205947879
    }
}